index,time,text
,0.0,1
0.0,1593911812.0,"['\nAs a reminder, this subreddit [is for civil discussion.', '](/r/politics/wiki/index#wiki_be_civil)\n\nIn general, be courteous to others.', ""Debate/discuss/argue the merits of ideas, don't attack people."", 'Personal insults, shill or troll accusations, hate speech, **any** advocating or wishing death/physical harm, and other rule violations can result in a permanent ban.', 'If you see comments in violation of our rules, please report them.', 'For those who have questions regarding any media outlets being posted on this subreddit, please click [here](https://www.reddit.com/r/politics/wiki/whitelist) to review our details as to whitelist and outlet criteria.', '***\n\n\n*I am a bot, and this action was performed automatically.', 'Please [contact the moderators of this subreddit](/message/compose/?to=/r/politics) if you have any questions or concerns.', '*']"
1.0,1593911877.0,['Reality TV has gone too far.']
2.0,1593911895.0,"['Endorsed by elon!', "".. O that's funny!""]"
3.0,1593911899.0,['[deleted]']
4.0,1593911936.0,['Trump 100% told him to do this to sway the black vote from Biden']
5.0,1593911960.0,['[distraction](https://hips.hearstapps.com/hmg-prod.s3.amazonaws.com/images/president-elect-donald-trump-and-kanye-west-stand-together-news-photo-1586966279.jpg?resize=768:*)']
6.0,1593911963.0,['Everyone is laughing just like everyone laughed when Trump first announced']
7.0,1593911966.0,"['What‚Äôs the gambit?', 'To water down the young and black vote for Biden?']"
8.0,1593911968.0,"['Another loser wants to be trump as a publicity stunt.', 'Just prior to his album release.']"
9.0,1593911973.0,['Literally going to go out of my way to vote for him.']
10.0,1593911976.0,['The hero we need!']
11.0,1593911978.0,['I hate this year.']
12.0,1593911998.0,['Kanye was so great now he‚Äôs just a clown']
13.0,1593912001.0,"['Shit.', 'Imagine Kanye as President..\n\nI‚Äôll take him over Trump.']"
14.0,1593912003.0,"['Because why the fuck not at this point.', 'Also fuck him and the kardashians.']"
15.0,1593912003.0,['Well he just stole the 40 year old white hipster vote from Biden.']
16.0,1593912022.0,['This is entirely designed to draw the black vote and the young vote away from Biden to help Trump.']
17.0,1593912027.0,"[""Didn't he just say he was voting for Traitor-in-chief."", ""[Kanye West signals he'll vote for Donald Trump in 2020: 'We know who I'm voting on'](https://www.businessinsider.com/kanye-west-signals-hell-vote-for-donald-trump-in-2020-2020-4)""]"
18.0,1593912029.0,"['Cynical ploy in hopes of pulling minority votes from Democrats to help his boy Trump?', 'Me thinks so.']"
19.0,1593912038.0,"['This seems like the worst time for something like this.', 'At best it‚Äôs extremely short-sighted from Kanye, at worst its a pro-Trump play to take Biden‚Äôs African-American voters.', 'Really not a fan of this and I like Kanye']"
20.0,1593912044.0,['Call it a Late Registration']
21.0,1593912053.0,"['Great another Hollywood rich guy who thinks he is qualified to lead a country.', 'Considering he has entered the race 4ish months before the election he is clearly serious about becoming president.']"
22.0,1593912059.0,"['This is gonna fuck over Biden.', 'I hate Kanye even more now.']"
23.0,1593912062.0,"['What is this timeline?', 'What if we just act like this didn‚Äôt happen and completely ignore it?']"
24.0,1593912081.0,['üåπ twitter‚Äôs new favorite candidate üôÑüôÑ']
25.0,1593912087.0,"['*You just know Kaitlin Jenner is going to be VP.', '*']"
26.0,1593912122.0,['At least this means no matter what Biden isn‚Äôt getting electedü§∑üèΩ\u200d‚ôÇÔ∏è']
27.0,1593912137.0,"['I‚Äôm curious to see how the news handles this.', 'They blew trying to properly cover a celebrity in politics in 2016 with Trump, so I‚Äôm interested to see if they learned anything this time around']"
28.0,1593912161.0,"[""He's not gonna be on the ballot in most states, even if he's serious.""]"
29.0,1593912167.0,['Is this a troll?']
30.0,1593912175.0,['What an absolute moron.']
31.0,1593912202.0,['A vote for Kanye is a vote for Trump.']
32.0,1593912207.0,['Always doing stupid shit for attention.']
33.0,1593912208.0,['I miss the old Kanye.....']
34.0,1593912215.0,"['I‚Äôm voting Kanye over Biden let‚Äôs gooo.', 'I just found out in my friends group chat, everybody hyped now.', 'Many will go out and vote Kanye over Biden!']"
35.0,1593912219.0,"['I am *this* close to fucking give up on this timeline.', ""Thankfully, this won't go anywhere.""]"
36.0,1593912251.0,['What a fucking moron.']
37.0,1593912286.0,"['ah, i can finally check something off my 2020 bingo card']"
38.0,1593912308.0,"['This has to be a joke, right?', 'Because I swear if he takes votes away from Biden and we get 4 more years of this shitshow!']"
39.0,1593912316.0,"['Isn‚Äôt Kanye still slightly mentally ill?', 'What does that matter Trump was voted in and he was clearly 100% visibly mentally unstable, it was maybe even mentioned prior to him getting office and all the way through his campaign.']"
40.0,1593912455.0,"['I think you only have till August to run as a third party candidate?', 'Yeah this isn‚Äôt a distraction ü§¶\u200d‚ôÇÔ∏è']"
41.0,1593912486.0,['The only things Kanye needs are a lot of meds and some of that ever elusive humility.']
42.0,1593912487.0,"['Maybe he should marry another Kardashian,why not']"
43.0,1593912519.0,"['I gave this country the benefit of the doubt.', '2020 changed that.', 'I genuinely HATE this country now.', 'What a joke.']"
44.0,1593912555.0,"['I like Kanye, but this is ridiculous.', 'I don‚Äôt want anybody else diverting votes from the people who should really take charge of the office']"
45.0,1593912661.0,"['Kanye is a Trump fan.', 'This is intended to help Trump.', 'Some people will absolutely waste their votes on Kanye West.', 'Many of these will be the young and minority voters who will make a difference.']"
46.0,1593912684.0,['What has America and this world come too']
47.0,1593912693.0,"[""Let's just put **Texas** up on the wall and take a look on how that would work."", ""He's not eligible for the Democrats and Republicans because he didn't get involved with the primaries."", 'He could *maybe* get on with Libertarians or Greens, as they are the only minor parties with ballot access in Texas.', '**Minor Parties** will nominate candidates for President according to party rule.', 'However, the filing deadline for minor party candidates may not be any later than 6:00 p.m. on December 9, 2019.', 'Only parties that have qualified to have their political party on the ballot are allowed to have their nominee for President/Vice-President on the ballot.', 'Currently, the Libertarian Party and the Green Party are the only minor parties in Texas that have ballot access.', ""He's missed the window on being and Independent Candidate."", '**Independent Candidates**\n\nIndependent candidates for President file an application with the Secretary of State.', 'The application must be submitted with a petition, and both documents must be filed no later than **May 11, 2020**.', 'The petition can be circulated beginning after March 3, 2020.', 'For 2020, the petition must contain **89,693** signatures of registered voters who did not vote in the presidential primary of either party.', 'The application must include the information about and signed consent from the candidate‚Äôs vice-presidential running mate.', 'In addition to the petition and application, an independent candidate for President must provide signed, written statements of consent to be a presidential elector candidate from 38 presidential elector candidates (the number of presidential electors that federal law allocates to Texas).', 'Forms are linked below and may be obtained from the Secretary of State‚Äôs office.', 'See Section 192.032, Texas Election Code.', 'Which leaves...\n\n**Write-In Candidates**\n\nWrite-in candidates for President file a declaration of write-in candidacy with the Secretary of State.', 'The declaration may not be filed earlier than Saturday, July 18, 2020, or later than 5:00 p.m. of Monday, August 17, 2020.', 'The declaration must include the information about and signed consent from the candidate‚Äôs vice-presidential running mate.', 'In addition to the declaration, a write-in candidate for President must provide signed, written statements of consent to be a presidential elector candidate from 38 presidential elector candidates (the number of presidential electors that federal law allocates to Texas).', 'Forms are linked below and may be obtained from the Secretary of State‚Äôs office.', '**TL;DR** It would be a huge effort just to get qualified as a write-in candidate in Texas.', 'edit: thanks for the flair!', 'edit2: Being that Kanye was born in Atlanta, and the difference between Biden and Trump is around 1.5-2% in Georgia these days,  and 2020 being 2020.. keep a serious eye on whether or not Kanye gets a petition and paperwork filed there by August 14th.', 'edit3: Kanye is a Chicago guy, thanks everyone.', 'Illinois has gone strongly for the Democrat in the last seven presidential elections it looks like.', 'edit4: It is still possible to be an independent candidate on the ballot in many states, but the deadline has passed in several.', '[More information further down in this thread.', '](https://www.reddit.com/r/politics/comments/hlec7k/kanye_west_announces_he_is_running_for_president/fwynyw0/?context=3)']"
48.0,1593912801.0,"['Bad idea.', 'This country doesn‚Äôt want a third party let alone a third party candidate.']"
49.0,1593912804.0,"[""Even if he was serious, which I highly, highly doubt, he's pretty much out of time."", ""He'd have to try to put together a whole campaign very quick and try to get on ballots, of which some have passed or are about to."", ""Unless he's willing to spend Bloomberg-type money right now, it's a publicity stunt."", '[See here for the filing dates to be on the ballot, scroll down to ""Independent Candidates.', '""](https://ballotpedia.org/Important_dates_in_the_2020_presidential_race) The deadline has already passed for NC, TX, NY, NM, ME, and IN.', 'Then MI, OK, SC, and FL close in less than 2 weeks.', ""That's 163 EV's already off the table and the other states mostly close in August.""]"
50.0,1593912804.0,"['He needs signatures in every state to get on the ballot by certain dates.', 'I doubt if he has the organization to have people collect signatures in every state.', 'I think this is a publicity stunt for next album release.']"
51.0,1593912814.0,['Pretty obvious (and desperate) ploy to negate Biden‚Äôs black vote.']
52.0,1593912962.0,['he better run as an independent lmao']
53.0,1593912985.0,"['Damn it!', ""He'll probably end up taking votes away from Vermin Supreme and this was definitely his year""]"
54.0,1593913078.0,"[""Well fortunately there's a lot more to appearing on a Presidential ballot than declaring your candidacy on Twitter."", ""Kanye can go to sleep tonight happy with the attention he's gotten today, and the rest of us can go to sleep knowing that he won't actually appear on ballots anywhere.""]"
55.0,1593913186.0,"[""It's like we need another idiot in office.""]"
56.0,1593913192.0,"[""It's racist and ignorant to assume that black people will vote for any black face on the ballot."", 'Some of you really need to check yourselves.']"
57.0,1593913212.0,['Yeah I hate this']
58.0,1593913221.0,['Here come the pointless write-in votes']
59.0,1593913230.0,"['LOL.', 'This announcement will age about as well as Jesus Is King.']"
60.0,1593913262.0,"['Hes said this for a year and half now.', 'Its clearly not happening.']"
61.0,1593913317.0,['Fuck me']
62.0,1593913329.0,['our future first ladies just keep getting trashier and trashier']
63.0,1593913331.0,"[""He's got my vote o7""]"
64.0,1593913339.0,['This fucking guy.']
65.0,1593913345.0,['Can we just go back to ignoring Kanye']
66.0,1593913368.0,"['If this somehow puts Trump over Biden in November, this country deserves every shitty, stupid thing that happens to it.']"
67.0,1593913427.0,"['Guys I promise even though Kanye had suggested a few months ago that he would still vote for Trump a lot has happened since plus the ton of evidence came out he might‚Äôve been faking his support for prison reform.', 'So I very much doubt Kanye is hurting his face in order to steal votes from Biden for Trump.', 'Enough with that theory.', 'Most likely he‚Äôs doing this for album hype.', 'Also it needs to be realized that politics is a complete shitshow.']"
68.0,1593913464.0,['No.']
69.0,1593913472.0,"['This would 100% hand the election to Trump.', 'He will cost Trump zero voters and will cost Biden enough to matter.', 'This is a huge vanity play that is going to fuck minorities, the marginalized, what‚Äôs left of the middle class and the American general public for 4  more years and however many years it take the country to recover.']"
70.0,1593913473.0,"[""He'll be as successful as Bloomberg.""]"
71.0,1593913474.0,['Thank you Yeezus üôè']
72.0,1593913529.0,"['Yeah and also Biden has the best weapon to get the black vote : Obama.', 'Kanye West is nothing compared to Obama when it comes to popularity overall and not just among African American voters.']"
73.0,1593913541.0,"['Can we just appreciate the fact that this doesn‚Äôt shock anyone?', 'Like if this was last year we would‚Äôve lost our minds but in 2020 we‚Äôre all just like ‚Äúyeah this makes sense, it‚Äôs weird, but whatever‚Äù']"
74.0,1593913614.0,"['lmao.', 'Do you know how hard it is to get on the ballot in any state as an independent candidate?', 'The filing deadlines for states are already closing in a lot of places.', ""Methinks this vanity project doesn't have any strategy or organization to it, and probably isn't a real thing."", 'lol bye.']"
75.0,1593913650.0,['So um any way you look at it he would run against Trump... Not buddies anymore?']
76.0,1593913685.0,['Because he wants trump to win for some insane reason.']
77.0,1593913687.0,['President of what?']
78.0,1593913696.0,['No.']
79.0,1593913727.0,"['Fuck this shit.', 'Trump has a high floor as far as his base.', 'Low 40‚Äôs.', 'If he were to take even a couple of points from Biden‚Äôs vote  as a write in candidate in battleground states we are seeing 4 more years of Trump.', 'Young people are already not enthused to vote for Biden this is just despicable.']"
80.0,1593913754.0,"[""Doesn't he say this every presidential election?""]"
81.0,1593913755.0,['Looks like Trump asked his buddy for a favor.']
82.0,1593913766.0,[' You have got to be fucking kidding me.']
83.0,1593913767.0,['[removed]']
84.0,1593913798.0,"['We could, to be clear, not talk about this.', 'We could just not engage with this particular tweet/story.', ""I'm not saying you shouldn't engage."", 'You should if you want to.', ""I just think people sometimes forget that there's another option."", 'Also, New Yorker called it: https://twitter.com/NewYorker/status/1279593485583159296']"
85.0,1593913808.0,"[""'Crickets Chirping'""]"
86.0,1593913895.0,['I want to die.']
87.0,1593913909.0,"['We get it, there‚Äôs next to no chance someone who **isn‚Äôt** a Democrat or Republican would win in American politics, but Kanye‚Äôs probably going to either fail hard, give himself some accolades to look back on, or most likely subvert votes that would‚Äôve went for Joe Biden / the Greens & Libertarians, giving Donald Trump an easier chance at re-election.', 'Really hope our political system can reform in the future to give someone else a chance, it‚Äôs already an uphill battle you‚Äôd have to be extremely wealthy and a hand in the ‚Äúpocket‚Äù of lobbyists / big $ in order to have a feasible chance in the early part of the race.']"
88.0,1593913993.0,['Man it looks like all the villains are taking off their masks right now.']
89.0,1593913996.0,"[""I just wish he'd run as a green candidate."", ""People worried about this need to understand that he's running as an evangelical christian."", ""We don't know who he'll take votes from."", 'He might run to the right of Ronald Reagan.', 'Hell, he could actually win!']"
90.0,1593914045.0,['The bingo card is really getting crowded at this point.']
91.0,1593914080.0,"['It‚Äôs 2020.', 'Of course']"
92.0,1593914099.0,"[""Wait, so who get's the Christian GOP vote?"", 'The guy talking about being a born again Christian, and putting out an entire album about Jesus, or the white guy?']"
93.0,1593914117.0,"['Finally.', '/s']"
94.0,1593914127.0,['What']
95.0,1593914135.0,"['These are signs of the end of a civilization.', 'It is so sad to see political discourse be ruined and degraded with nonsense celebrities yet again.']"
96.0,1593914143.0,"['Huge Kanye stan here.', ""Just don't man...""]"
97.0,1593914161.0,['Hard pass.']
98.0,1593914165.0,"['Jesus walks, Kanye runs.', '#ye2020']"
99.0,1593914165.0,"[""Anyone who flirts with the idea that Kanye will detract a substantial amount of black voters from Biden's base, is clearly not in the black community.""]"
100.0,1593914177.0,['Somebody give him his pills.']
101.0,1593914202.0,['/r/the_ye']
102.0,1593914203.0,['Dwayne Mountain Dew Elizondo Camacho 2020']
103.0,1593914205.0,['king shit']
104.0,1593914227.0,"['Wow.', 'This is a way to strip Black American votes from Biden.', 'Good job for the cunning Republican strategists.']"
105.0,1593914274.0,"['Everyone is saying splitting the black vote, but I think this is actually gonna split the shitposter vote.', 'I feel like 40% of trump voters would flip for Kanye Musk']"
106.0,1593914278.0,"['What a fucking idiot, must be off his psych meds again.']"
107.0,1593914285.0,"['God I‚Äôm so ready for this timeline to end.', 'Honestly.', 'Can we just go on to 2021 and be done with this shit now?']"
108.0,1593914313.0,"['Is it just me or, watching cable news and reading this on this 4th of July, we have reached some singularity of surreality?']"
109.0,1593914313.0,['The fact that people are even a little concerned about this really shows our (justifiably) low opinion of many American voters.']
110.0,1593914330.0,['Fuck Kanye.']
111.0,1593914337.0,"['I think being in reality tv or entertainment should disqualify any one from becoming president.', 'Look at what misery ‚Äúcelebrities‚Äù have brought our country.']"
112.0,1593914369.0,"['Mad dash to pull the youth and black vote away from Biden.', 'The guy straight up had a MAGA hat on and said slavery was a choice.']"
113.0,1593914370.0,['...does he really think he can divide the black vote for Trump?']
114.0,1593914375.0,['Y‚Äôall could have had Bernie now you get Kanye Ye2020']
115.0,1593914422.0,['I‚Äôm voting for Kanye and none of you mfers can change my mind']
116.0,1593914422.0,['Kanye obviously  feels the *crazy* subgroup of voters lack representation.']
117.0,1593914455.0,"['This seems like it was ordered up by trump, because only he would not understand how bad Kanye is hated by black people over these last few years.']"
118.0,1593914589.0,"['Go fuck yourself, 2020.', 'This is not happening.']"
119.0,1593914601.0,"['No one man should have all that power.', 'He warned us.']"
120.0,1593914636.0,"[""Ok that's a quality tweet there Kanye but do you have plans to get on the ballot?"", 'No?', ""That's what I thought""]"
121.0,1593914642.0,['Make America Cray Again']
122.0,1593914656.0,['Yeezy for Preezy']
123.0,1593914674.0,"['Oh great, lets have 2 rich narcissistic celebrities running for office this time and splitting the vote from the better contender.']"
124.0,1593914678.0,['He‚Äôs just trying to sell an album guys be nice.']
125.0,1593914685.0,['It will be so bizarre and surreal if we elected him.']
126.0,1593914695.0,['My man said I know you dont like either choice so here I am']
127.0,1593914699.0,"[""2020 rang, it says it's only half over.""]"
128.0,1593914726.0,['now i gotta register to vote üò≥']
129.0,1593914754.0,['Fucking puke']
130.0,1593914812.0,"['Not so sure this helps or hurts Trump.', 'Lots of crazies that would have voted Trump will switch to Kanye, but I bet it won‚Äôt make much of a difference.']"
131.0,1593914849.0,"['Who gives a shit, stop giving this moron attention']"
132.0,1593914917.0,"['Never thought Trump would win but now we have a racist narcissist in the White House.', 'Again I would never think Kanye could win but if he did we would have a bipolar narcissist in the White House.', 'Wouldn‚Äôt be long before we find out he‚Äôs also racist but at the other end.', 'End of times is here.']"
133.0,1593915031.0,"['How much has trump/GOPers damaged this country?', 'This much']"
134.0,1593915056.0,['The United States of America is a meme']
135.0,1593915060.0,['Finally our saviour has arrived']
136.0,1593912515.0,"['It‚Äôs like we haven‚Äôt learned anything in the past 4 years with an ignorant, inexperienced celebrity as president of this country']"
137.0,1593915004.0,"[""While we're at it might as well get all the celebrities to run."", 'Hey, why not make a TV show on it.', 'Beyonce, kanye, oprah, some annoying asshole like Gilbert Gottfried, and others.', 'Judged by a Wisconsin farmer.']"
138.0,1593915053.0,"['Elon wants Trump to win.', ""No matter how much of a philanthropist he makes himself out to be, he's just another rich asshole, and rich assholes prospered under Trump with massive tax cuts and essentially free money from the government."", ""I can't believe people are so narrow-minded to stan him just because he posts memes and watches PewDiePie.""]"
139.0,1593912248.0,"['> Still a better candidate than Trump.', ""They probably worked up the plan together... if he's running as an independent, any vote for him is a vote taken away from Biden.""]"
140.0,1593912367.0,['One hardcore narcissist is as shitty as the next.']
141.0,1593912009.0,['[deleted]']
142.0,1593912492.0,"['While I‚Äôm not black, can any black person tell me how they feel about Biden, specifically after what he said about ‚Äúif you don‚Äôt vote for me you‚Äôre not black‚Äù?']"
143.0,1593912649.0,['[removed]']
144.0,1593912740.0,"['*Black celebrity who has a massive ego and has been talking about running for President for literally ever runs for president*\n\nAh yes, must because a white guy told him to']"
145.0,1593912992.0,['They want to keep their higher earner and corporate tax cuts']
146.0,1593913030.0,"['No he didn‚Äôt.', 'Kanye 100% wants publicity for his new album so tweets that he is running for president']"
147.0,1593913224.0,"['as well as the young vote.', 'that is my absolute biggest worry.']"
148.0,1593914531.0,['But won‚Äôt it split the narcissist vote and hurt Trump?']
149.0,1593914689.0,['I fucking hate the timeline that is 2020.']
150.0,1593914814.0,['[deleted]']
151.0,1593914933.0,['Kanye stopped supporting trump 2 years ago']
152.0,1593915018.0,['This is like 30 Rock when Jack hires Tracy to dissuade black voters.']
153.0,1593912787.0,"['Anyone can announce.', ""Let's see if he gets on any state's ballots.""]"
154.0,1593913682.0,['God fucking spare me lol.']
155.0,1593913109.0,"['In a gambit material is sacrificed for positional advantage.', 'What is the sacrifice here?']"
156.0,1593913134.0,"[""He's got a new album dropping...""]"
157.0,1593915004.0,"['Probably a publicity stunt and we‚Äôll see how far he takes it.', 'If he just wants to get his name in the media for his album he might announce and drop out in a week.', 'Of course he might actually be in it for the long haul which is scarier.']"
158.0,1593912081.0,"['And you‚Äôre willing to admit it?', 'Sad.']"
159.0,1593912238.0,['Stay off the drugs']
160.0,1593912328.0,"['The fuck why?', 'He is just another Trump bootlicker burgeoise mf.']"
161.0,1593912953.0,"['You were never gonna vote anyway.', 'You don‚Äôt give a good shit about this country.']"
162.0,1593913121.0,['[deleted]']
163.0,1593913530.0,['>Literally going to waste my vote\n\nFIFY']
164.0,1593912453.0,"['Me too.', 'Fuck 2020.']"
165.0,1593912651.0,"['Fuck.', 'Goddamn.', 'I wanna expatriate.']"
166.0,1593913564.0,['The year summed up in a sentence']
167.0,1593913582.0,"['125,000+ Americans are dead from covid and this fucking idiot thinks this is the perfect time to run a troll campaign that would only help continue this distatorous administration.', 'Fuck 2020']"
168.0,1593913879.0,"[""If not for everything that's at stake, I'd LOVE to see a televised debate between Trump and Kanye.""]"
169.0,1593914624.0,"['This has to be an attempt to split the vote from Biden, right?', ""The only winner is Bolton, because he has someone to write in that isn't Trump or Biden :(""]"
170.0,1593912178.0,['Have you seen his wife?']
171.0,1593912642.0,"['Thank you.', 'My thoughts exactly']"
172.0,1593914202.0,['He always sucked.']
173.0,1593914713.0,"['I miss the old Kanye, straight from the go Kanye\nChop up the soul Kanye, set on his goals Kanye']"
174.0,1593912695.0,"[""Yeah that's not saying much tho..."", ""I'd take an inanimate carbon rod over Donnie""]"
175.0,1593913019.0,"['Who cares, he would be an entertaining president']"
176.0,1593912397.0,['Not likely.']
177.0,1593912755.0,"['40 year old hipsters listen to Gen-X crap.', 'Kanye is a millennial phenomenon.']"
178.0,1593913231.0,"['It‚Äôs designed that way but will probably do the opposite lol\n\n50 year black church-goers aren‚Äôt voting for Kanye over Biden.', 'Black conservatives who would vote for trump would probably vote for Kanye tho.']"
179.0,1593914937.0,['Time to saddle up Michelle Obama as Biden VP and get this shit show over with.']
180.0,1593912561.0,['This is a vote for Trump.']
181.0,1593912736.0,"['Both things could be correct.', 'He wants to vote for Trump *and* run to siphon votes and guarantee a Trump victory.']"
182.0,1593914570.0,"['No.', 'He said ""And we know who I\'m voting on"".', ""If you know anything about Kanye West, it's pretty clear that he was saying that he plans on voting for Kanye West""]"
183.0,1593915030.0,['[Wow](https://youtu.be/chCUZo-O0to)']
184.0,1593912208.0,['Me thinks you beez right.']
185.0,1593912922.0,['Him and Kim publicly said they were only ‚Äúpro-trump‚Äù to get wrongfully prisoned inmates free.']
186.0,1593912989.0,['Are we sure it isn‚Äôt a joke?']
187.0,1593913469.0,"['Trump isn‚Äôt his boy.', 'He revealed during the George Floyd protests that he was just sucking up to Trump to get people out of prison who shouldn‚Äôt be there.']"
188.0,1593913747.0,"['Yep this has ""active measures"" ratfucking written all over it']"
189.0,1593913827.0,['Why would minority voters simply vote for kanye and other type of voters?']
190.0,1593914001.0,['I think(big disclaimer there) Kanye was actually quoted as saying he wore those MAGA hats as a way to gain a friendship with Trump and then used that friendship to free innocent black people who were jailed on wrongful convictions.']
191.0,1593914136.0,"['Jokes on him, white people like his stuff too.']"
192.0,1593914457.0,['[deleted]']
193.0,1593914065.0,"['Stop liking him.', 'He wants to help Trump because Trump can corruptly help him.']"
194.0,1593914261.0,['Kanye is a fucking idiot and people should stop paying attention to him.']
195.0,1593914749.0,"['either way, its a dick move by kanye.']"
196.0,1593912744.0,['Lmao get out!']
197.0,1593913399.0,"[""Kanye's campaign will be my beautiful dark twisted fantasy.""]"
198.0,1593912799.0,"[""He likely won't even make the ballot in most states, if any."", 'I doubt this will be talked about even into next week.']"
199.0,1593914429.0,"['That requires the media to have learned their lesson from 2016.', 'It will be on all front pages tomorrow.']"
200.0,1593912214.0,"['Of course he is, they hate Democrats more than anyone']"
201.0,1593912255.0,"['The glee I‚Äôve seen erupt on my timeline with this is disgusting.', 'Horseshoe theory is very fucking real']"
202.0,1593914652.0,['Keep dreaming pal.']
203.0,1593912427.0,['Thank God.']
204.0,1593912700.0,"['But as we learned from Jill Stein last time, all it takes is a few thousand votes in a handful of states.']"
205.0,1593912836.0,['I feel like people might be dumb enough to do a write in']
206.0,1593912967.0,"['A nonzero amount of people will still throw their vote away as a write in for Kanye, and some of those people will be in places like Wisconsin and Florida']"
207.0,1593913663.0,"['Even then, it‚Äôs **far** too late for Kanye to make an impact on the vote (aside from being the ‚Äútoken‚Äù third party candidate to grab more neutral voters).', 'I don‚Äôt think the Greens or Libertarians can field a strong candidate (as always) to field a good contender vs the classic Democrat vs Republican voters, let alone someone who‚Äôs ‚Äúpro-Trump‚Äù and wants ‚Äúequality for all‚Äù like Kanye West has been touting since the President took office nearly 4 years ago.', 'It‚Äôs too bad with an ego that‚Äôs almost as befitting to double as his own Mount Rushmore, and loathed by plenty of people & famous celebrities, Kanye‚Äôs going to run short on endorsements & support']"
208.0,1593913837.0,"['What makes you say that?', 'Seems like most states require a few tens of thousands signatures to get on the ballot.', 'Nothing a rich crazy person can‚Äôt accomplish']"
209.0,1593914259.0,"[""Most states don't matter."", 'The swing states do.', 'If he runs as independent he can still get on the following swing states: Colorado, Ohio, Pennsylvania, Virginia, Nevada, as the deadline to register is August 2020.', 'He has about 2 weeks to get on Florida/Michigan.', 'He just needs to shave a few thousands votes here and there to help Trump.', 'I hope people realize this is more than cynical ploy, West wants another 4 years of Trump.', 'Four more years of more lost allies, more powerful foreign enemies, more children in cages, more attacks on the healthcare system, more erosion of the social safety nets, and a 7-2 or worse Supreme Court.', 'This is what Kanye West wants for you and your family.', 'Ditto his wife, she supports him 100% in this endeavor and they want to ensure Trump wins reelection.']"
210.0,1593914719.0,"['Thanks for your logic during this time.', 'Nobody tell Kanye.']"
211.0,1593913642.0,"['But he is black and he stands for black life, which is not what trump supports.']"
212.0,1593914209.0,"[""Wait, so who get's the Christian GOP vote?"", 'The guy talking about being a born again Christian, and putting out an entire album about Jesus, or the white guy?']"
213.0,1593914416.0,"['We know he‚Äôs MAGA, so we know his values already.']"
214.0,1593914548.0,['A vote for Kanye is a vote for suicide']
215.0,1593914850.0,"[""It literally isn't.""]"
216.0,1593913953.0,['He wants to help Trump.']
217.0,1593913564.0,"['The chop up his soul Kayne, set on his goals Kayne.', 'I hate the new Kanye....']"
218.0,1593912889.0,"['the Internet Research Agency calling people into work early today, i see']"
219.0,1593912897.0,"[""Yeah that's a terrible idea.""]"
220.0,1593913420.0,['Someone posting in Trump subreddits want to pretend to be walking away from Biden?']
221.0,1593912788.0,"[""that's the entire reason he's doing it.""]"
222.0,1593912697.0,"['slightly is an understatement.', 'Kanye is broken beyond repair.']"
223.0,1593912877.0,"[""He's bipolar to the extreme.""]"
224.0,1593912927.0,"['He said he pretended to like Trump to ""get people out of prison.""']"
225.0,1593913029.0,"['Everything you said is right.', ""But you're approaching the question as if he's serious about winning."", ""He's not."", ""He's only serious about drawing votes from Biden to help his preferred candidate, who is Trump."", ""He actually doesn't even need to be on the ballot to do that."", ""He'll get some write-ins."", ""He'll also now get a lot of publicity, which he may ultimately use to promote Trump.""]"
226.0,1593912913.0,"[""Even so, it's really fucking irresponsible.""]"
227.0,1593913503.0,"['He may end up as a write in candidate.', 'He needs serious money and organizing to get the signatures to end up on the ballot.', ""He's so damn narcissistic that he thinks that he will be taken seriously.""]"
228.0,1593914268.0,"['Last time I ordered a Vermin Supreme there was barely any rat in it.', 'Very disappointing, Taco Bell.']"
229.0,1593913685.0,['Ironic considering Joe Biden has said his VP pick will absolutely be a minority.']
230.0,1593914466.0,"[""I don't think it's serious either."", ""He can't feasibly build up the organization in the rest of the states."", 'He needs tens of thousands of workers.', ""Spend an ungodly sum of money that I don't think he has the stomach for."", ""It's going to come out of his pocket."", 'There is no national committee to help him fundraise.']"
231.0,1593913920.0,"[""He's mentally ill."", 'Which, as a list of reasons to be a Trump supporter, is about the most logical one I can think of.']"
232.0,1593914633.0,"['~163 EC votes are basically already out of play for him.', 'Impossible for him to win.']"
233.0,1593914578.0,"[""You've heard the GOP thinks Tucker Carlson is going to run in 2024?""]"
234.0,1593912071.0,"['How do you figure that?', ""I've heard about voter registration spikes arising during the protests.""]"
235.0,1593912171.0,"['There‚Äôs definitely going to be more black turn out for Biden than for Trump.', 'One of the reasons Democrats found the Biden nomination so inciting was because more African Americans supported him than any other Democratic candidate running (mostly because he was Obama‚Äôs VP)']"
236.0,1593912668.0,"[""The younger ones of us aren't really enthused at all by him."", 'Our parents and grandparents adore him\n\nAt least my experience.', 'But fr none of my friends or family thats my age likes him at ALL']"
237.0,1593912769.0,"['Lol.', 'Are you saying this as if biden is racist in the face of the most racist nationalist person to ever be elected to office?']"
238.0,1593912949.0,"['>Black voters favor Biden over Trump by an overwhelming margin (89% to 7%).', 'Per [Pew Research polling](https://www.pewresearch.org/politics/2020/06/30/publics-mood-turns-grim-trump-trails-biden-on-most-personal-traits-major-issues/)']"
239.0,1593912898.0,"['Don Jon must not understand Biden was the VP for the first ever African American US president.', 'A very well liked president at that.', ""You cannot get a better endorsement than Obama if you're trying to secure the black vote."", ""Kanye is a musical genius but he's also a complete meme."", ""The only people who don't understand that are easily impressionable teenagers and poor people who idolize wealthy rappers.""]"
240.0,1593913370.0,"['I mean, this late in the game, can he even get on the ballot in every state?']"
241.0,1593913459.0,"['Pardon my ignorance; could you tell me what ""HN"" and ""UT"" stand for?']"
242.0,1593913713.0,['[deleted]']
243.0,1593914126.0,"['Kanye‚Äôs lost a lot of that goodwill over the past few years.', 'We all want him to get back on his meds and stop being so goddam crazy all the goddam time.']"
244.0,1593914185.0,['Yeah I feel like only Shaun King is close to being as hated.']
245.0,1593914201.0,['What‚Äôs UT?']
246.0,1593914324.0,"[""I think we tend to underestimate the amount of politically uninformed voters out there (I'm talking about everyone here - not black people)."", ""I'm Australian, but I know tonnes of people who would vote for someone like Kanye because it's funny or a joke, so I wouldn't underestimate the ability of Kanye to take votes away from the Dems.""]"
247.0,1593914834.0,['Those acronyms went right over my head']
248.0,1593912976.0,"['Except Kanye loves Trump, so there would be no reason for him to run in 2020?']"
249.0,1593913130.0,"['He recently stated his support for Trump.', 'https://www.businessinsider.com/kanye-west-signals-hell-vote-for-donald-trump-in-2020-2020-4']"
250.0,1593913151.0,"[""While I'd normally agree with your sentiment Kanye is a huge Trump supporter and this is exactly something Trumps handlers (ie Foreign actors) would suggest Kanye do""]"
251.0,1593913195.0,"['This guy has like 9 platinum albums in a row.', 'The fact that Elon just endorsed him, fuckery is at foot here.']"
252.0,1593913387.0,['He said he was going to run in 2016 but I do agree that Kanye is known to say wild things for press right before he drops an album or shoes']
253.0,1593913458.0,"['Kanye is Kanye.', 'He does not need to pull a stunt like a fake presidential run to hype up his album.', 'He is arguably in the top 5 most famous living artists in the world.', ""This isn't Donald Trump circa 2016 we're talking about here.""]"
254.0,1593913902.0,['Last time someone ran 100% for publicity they ended up president.']
255.0,1593914006.0,['[deleted]']
256.0,1593914296.0,"['Does he have a new album coming out?', ""I'd feel much better about this if it was just another one of his obvious pr stunts before a new album."", 'Im worried this is an attempt by the GOP and his buddy trump to pull votes from biden.']"
257.0,1593914541.0,"['[I mean Kanye went full MAGA](https://pbs.twimg.com/media/EcICQuVUYAAuW8T?format=jpg&name=small).', ""Seems super transparent that he's just trying to dilute Biden's numbers with black people.""]"
258.0,1593913858.0,"['We had enough literal dumbasses voting for Harambe in 2016.', 'This is a gigantic loser move by Kanye.']"
259.0,1593914898.0,"[""This may be the most underhandedly racist comment I've read on Reddit.""]"
260.0,1593914551.0,"[""He can only get on as a write-in candidate, and he'd need thousands of signatures in *each state* to even qualify for that.""]"
261.0,1593913935.0,['Sanity']
262.0,1593913340.0,"['At this rate?', 'Yes.']"
263.0,1593913460.0,"['You stil think voting helps lol.', 'They are all elite rich assholes.']"
264.0,1593913485.0,"['How is this even remotely racist?', '?']"
265.0,1593913921.0,"['Racist???', 'Wtf??', '?']"
266.0,1593914738.0,"[""I'd rather waste my vote than participate in a system of built on evil."", 'Fuck yes, I wont be complacent and give the government my vote.', 'I fucking hate this system and everyone involved.']"
267.0,1593913564.0,"['What?', 'This is fantastic news.', 'There is zero chance he takes a single vote from Biden.']"
268.0,1593914125.0,['Looking back fondly now on 2019...']
269.0,1593913927.0,['It‚Äôs publicity for his album don‚Äôt have a aneurism about it']
270.0,1593914007.0,"[""Bro if Biden can't win because kanye runs he's not a good choice lol""]"
271.0,1593914485.0,['The incoherent vs the incoherent.']
272.0,1593914880.0,"['Of course it is.', ""There's no chance he wins this late because the democrats won't accept him and he's not replacing trump.""]"
273.0,1593912269.0,"['Why, is she a greater clown?']"
274.0,1593914827.0,['Not true']
275.0,1593913498.0,['That‚Äôs exactly what got us in the shit we‚Äôre in right now.']
276.0,1593913542.0,"['Because it‚Äôs not about entertainment you fucking clown.', 'It‚Äôs about people lives.', 'Go watch reality TV if you want to be entertained.', 'Leave the politics to the adults.']"
277.0,1593914497.0,"[""50 year old black voters will remember their families being locked up by Biden so they definitely won't be voting for him""]"
278.0,1593913115.0,"[""Yeah... you're right."", 'After I responded, I realized Kanye wants to steal votes from Biden and throw the election to Traitor in Chief']"
279.0,1593912521.0,['Me thinks you is wrong']
280.0,1593913961.0,"['Bullshit that guy went full MAGA.', ""You don't come back from full MAGA""]"
281.0,1593914988.0,"['Sure, Jan.']"
282.0,1593913130.0,"[""Perhaps, but at this point I don't care much for giving MAGA hat wearers the benefit of the doubt.""]"
283.0,1593913867.0,"[""I've had my fill of 'Joke Presidents' for this century.""]"
284.0,1593914190.0,"[""It's worse if it's a joke."", ""Fuck joke candidates, this country is burning and doesn't have time for bullshit like this.""]"
285.0,1593914866.0,['I sure hope so']
286.0,1593913926.0,"[""Lol you mean Kanye's MAGA love didn't fit the moment and he pretended to be woke again in order to make money off the protests.""]"
287.0,1593914207.0,"[""Who's got what on kanye?""]"
288.0,1593914158.0,"['Really it‚Äôs just young people who might have voted for Biden simply because they don‚Äôt like Trump, but will now just write in Kanye‚Äôs name.', 'Remember Harambe?']"
289.0,1593914232.0,"['The point is mainly that young people who don‚Äôt like Trump who might have Biden, will now just write in Kanye‚Äôs name.', 'Thus 4 more years of Donnie']"
290.0,1593914306.0,['white conservatives are still sticking with trump so its still bad for leftists']
291.0,1593913072.0,['I *really* hope this comment doesn‚Äôt end up on /r/AgedLikeMilk in a year.']
292.0,1593914354.0,"[""For an independent, the deadline in most states isn't until sometime in August and only require a few thousand signatures."", 'I think he could easily make the ballot in most states if he really wanted to.', 'https://ballotpedia.org/Ballot_access_for_presidential_candidates']"
293.0,1593912551.0,"[""Thats becouse they are just as authoritarian as current conservatives, they just haven't realized it yet""]"
294.0,1593912817.0,"['Oh man be sure to tell one of them that, NOTHING pisses them off more than that fact lol.']"
295.0,1593912509.0,"['most states make it especially difficult for independents without major or minor party backing to get ballot access, so this is a publicity stunt and nothing more']"
296.0,1593914606.0,['[removed]']
297.0,1593912846.0,"['And the filing deadline has already passed in many states, with the majority of remaining filing deadlines coming due in the next 2-4 weeks.', 'Kanye would have to collect tens of thousands of signatures in some states to gain ballot access, with less than a month to do it.', ""It's a fucking publicity stunt.""]"
298.0,1593913764.0,"['Actually no.', 'Given that Gary Johnson helped Clinton in at least 4-5 states.']"
299.0,1593913027.0,"[""And those same people would either vote for Trump, the Libertarians, or fucking Mickey Mouse if they weren't voting Kanye, or they just wouldn't vote at all."", ""Any Black man who'd be voting for Kanye wasn't going to be voting for any Democrat anyways."", ""He's going to get the fucking NOI Hotep vote and nothing more.""]"
300.0,1593913098.0,"[""Don't think those people were voting for Biden anyway if they're going to come in and vote as a joke.""]"
301.0,1593913954.0,"[""You can't buy petition signatures like these guys buy twitter and IG followers""]"
302.0,1593914482.0,"[""1) You can't buy petition signatures, or collect them online, its a lengthy in-person process."", 'Some of the states you mentioned require tens of thousands of certified signatures, and most require the signatures be from people registered to vote.', ""Sorry, I don't see it happening in most states."", '2) Who the fuck is going to switch votes from Biden to Kanye?', 'Nobody, he\'s not going to ""take votes"" from anyone except maybe some tiny percentage of Trump-supporting black men.']"
303.0,1593913912.0,"['He does not stand for black lives.', 'He stands to divide black folk and allow white supremacists to win, because white supremacists love it when black folk sing and dance.']"
304.0,1593914126.0,"[""He's done more for black lives than any recent president."", 'Historic black colleges, opportunity zones, criminal reform, record low unemployment.']"
305.0,1593914553.0,"['White guy, of course.']"
306.0,1593914608.0,['The white dude lol']
307.0,1593914516.0,['Agree']
308.0,1593914696.0,"['Kanye donated to the democrats last election.', 'Research.', 'He used trump to free innocent black people out of prison']"
309.0,1593914766.0,['Friends stick together.']
310.0,1593913391.0,"['How Kanye isn‚Äôt a career politician like Biden.', 'Rather have him.', 'Half the people don‚Äôt even like Biden, he‚Äôs just there and alright.', 'Kanye is special.', 'Can‚Äôt stop the youth.', 'Kanye 2020 baby\n\n\n\nThink about the reasons cuz there‚Äôs more than plenty.', 'All abroad the train Kanye 2020.', 'Edit: lots of boomers on here lol.', 'Kanye 2020']"
311.0,1593914077.0,"['I was with trump before over Biden.', 'But all my friends are Biden fans before Kanye ran.', 'But this is something we all came together upon.', 'Kanye 2020, love on both sides.', 'Just as he announced it it‚Äôs something that everybody can support and re-unite both sides of the political spectrum']"
312.0,1593914611.0,['Fuck him.']
313.0,1593912797.0,"['Well I‚Äôm not medically trained to make that diagnosis but I‚Äôll take it onboard.', 'I wonder what random character will run next for the land of the free.', 'I really hope you guys vote in Kermit the frog.', '‚òïÔ∏è']"
314.0,1593912970.0,"['A shame.', 'Bipolar is a very difficult illness to live with on the best of days.']"
315.0,1593914069.0,['He says a lot of shit.']
316.0,1593914392.0,['but that stream of consciousness rant in the oval...that was some next level cray.']
317.0,1593914586.0,"['He didn‚Äôt act like he was pretending when he gave a full interview detailing his struggles as a Trump supporter.', 'https://youtu.be/rzXpJcwqYIg\n\nThe final minute is the best part.']"
318.0,1593913392.0,"[""I hear what you're saying, and I agree that he would not necessarily be trying to win."", ""However, write-in campaigns are pretty much useless, so as long as he isn't on ballots, any damage he could do would be very limited."", ""It's a bigger deal if he's serious about getting on the ballot and the GOP tries to help him to ratfuck the Democrats.""]"
319.0,1593913898.0,"[""He's a billionaire...""]"
320.0,1593913905.0,"['....and every fucking one of the women mentioned is accomplished and qualified.', ""What's ironic is that your attempt at making a point that you obviously perceive as clever clearly outs you as one of the people who needs to check themselves.""]"
321.0,1593913172.0,"[""From what I've been told, and please correct me if I'm wrong, it's from older members of the black community who have secured a comfortable lifestyle for themselves and have essentially been integrated into the status quo.""]"
322.0,1593912827.0,"['I‚Äôm not, but it isn‚Äôt like Biden is very not racist either']"
323.0,1593913363.0,"[""Why are Trump voters seemingly surprised by this when  DJT's father racially profiled tenants?""]"
324.0,1593913762.0,"['Mhmm you underestimate the American populace.', ""If he campaigns in inner cities and brings up Biden's Crime Bill and stance on segregation, he can do some damage.""]"
325.0,1593914114.0,"['‚ÄúHe‚Äôs a jackass,‚Äù - President Barack Obama 2009']"
326.0,1593914701.0,"['To be fair, Trump understands very little about black voters.', 'They‚Äôre not his base.']"
327.0,1593914736.0,"['I mean, a complete meme doesnt hurt a run for prez nowadays']"
328.0,1593914742.0,"[""He's an incomplete meme.""]"
329.0,1593914135.0,['Most of the larger ones he could but it would cost $20-30 a signature at this point.']
330.0,1593914890.0,"['Unfortunately I think so.', 'The filing deadline for independent candidates is later than for other candidates\n\nhttps://ballotpedia.org/Deadline_to_run_for_president#Independent_candidates']"
331.0,1593913542.0,"['Uncle and house, hth']"
332.0,1593913880.0,"['what does a german know about the ""diversity"" of the black community in america?', 'pray tell\n\ni quoted diversity because you\'re obviously using it in bad faith for ""both sides"" or w/e you want to bullshit about']"
333.0,1593914333.0,['stop trying to control kanye']
334.0,1593913117.0,['Why‚Äôd you jump immediately to a white guy told him to run?']
335.0,1593913125.0,"['Kanye hasn‚Äôt loved Trump in a while.', 'Latest song he released isn‚Äôt very pro-Trump.', 'I don‚Äôt think it‚Äôs a Trump ploy, it‚Äôs more likely that this is an ego thing.']"
336.0,1593913258.0,['but he doesn‚Äôt really...at least I don‚Äôt *think* so at this point...']
337.0,1593913533.0,"['Well I‚Äôm obviously gonna push back on the idea that Kanye wouldn‚Äôt do this himself for his own attention and ego lol because anyone who knows ye knows exactly why he did this shit.', 'If all you knew about him was his pro Trump shit and nothing else you‚Äôd have this opinion']"
338.0,1593913542.0,"['Elon is always joking around on twitter.', 'Kanye is always saying something or doing something outrageous before an album drop.', 'It really isn‚Äôt that deep yet it‚Äôs got people losing their shit and acting like black people will just vote for whoever is the same skin colour as them and not look at the candidates first.']"
339.0,1593914098.0,"['He cares about attention more than anything.', 'I don\'t doubt he may also want to help Trump get elected though, especially after Elon\'s ""take the red pill"" nonsense.', 'Such a shame this is even a conversation.']"
340.0,1593913642.0,"['He always does a bunch of extra shit lol, that‚Äôs Kanye.', 'He technically doesn‚Äôt need to do anything to get a shitload of attention.', 'He does it cos he‚Äôs kanye']"
341.0,1593913644.0,"['Kanye always says something crazy to get publicity before an album drop.', 'You don‚Äôt seem to know him very well for someone who claims ‚ÄúKanye is Kanye‚Äù']"
342.0,1593914111.0,"['It‚Äôs completely different.', '1.', 'If he was actually running it would be different from trump as he wouldn‚Äôt be under any of the two big parties.', '2.', 'He isn‚Äôt actually running and the tweet is to gain media attention before his album drop.']"
343.0,1593914545.0,"[""Trump ran for a major party's nomination."", ""Don't be obtuse.""]"
344.0,1593914155.0,"['It‚Äôs completely different.', '1.', '\u2060If he was actually running it would be different from trump as he wouldn‚Äôt be under any of the two big parties.', '2.', '\u2060He isn‚Äôt actually running and the tweet is to gain media attention before his album drop.']"
345.0,1593914391.0,"['Yeah he does.', 'I wouldn‚Äôt worry he isn‚Äôt going to end up running.', 'I don‚Äôt think he is that friendly with trump anymore if you listen to his latest sing it‚Äôs not something trump would like.']"
346.0,1593914646.0,['Do you want to make a bet on Kanye not actually running for president?']
347.0,1593913703.0,"['Yes.', 'I do.', 'It‚Äôs all we got.']"
348.0,1593913607.0,['/s']
349.0,1593913756.0,['What a fucking trainwreck']
350.0,1593913885.0,['There is zero chance he runs it‚Äôs publicity for his new album he does this every time and to be honest why wouldn‚Äôt he cause dummys like you always make it work.']
351.0,1593914081.0,['Kanye like many black folk is more socially conservative than Biden.']
352.0,1593914072.0,"[""Sorry if I don't think that the 2020 presidential election is a fucking joke that some musician can troll as a way to sell albums."", 'Getting Trump out of office is way too important for bullshit like this.']"
353.0,1593912625.0,"[""She's a hobbit.""]"
354.0,1593912643.0,['Yes.']
355.0,1593912852.0,"['With all she puts in.', 'Yes.']"
356.0,1593913627.0,"['I‚Äôm 18 so I am an adult, and all my friends and college kids will be voting for him.', 'Kanye2020']"
357.0,1593912820.0,"[""Me hopes he is just another clown looking for the spotlight that has moved from his face to his wife's ass."", ""But that's just me.""]"
358.0,1593914155.0,['No he didn‚Äôt']
359.0,1593914089.0,"['Is it so hard to believe that a celebrity who‚Äôs not a professional wrestler could be involved in Kayfabe?', 'Kanye is playing a character.', 'If you don‚Äôt believe me watch some of his more smaller scale interviews.', 'He‚Äôs competent and perceptive as hell.']"
360.0,1593914284.0,"[""Lol and wasn't he tens of millions of dollars in debt as recently as last year?"", 'The mind boggles thats for sure']"
361.0,1593914780.0,"[""He's mentally ill. No kompromat required.""]"
362.0,1593914841.0,['[deleted]']
363.0,1593914513.0,"['Yes thats terrifying.', 'I‚Äôm not American so all I can do is be sad that innocent people are going to die before things get better there.', 'But also be hopeful because things will inevitably get better there.', 'Forests grow back healthier, and more lush after a fire; America will see a growth in humanity once the fires burn out.']"
364.0,1593914735.0,['Good news is that in reality the amount of people who are like DSA twitter is few and far between']
365.0,1593912880.0,"['So was trumps candidacy, look where that got us.']"
366.0,1593913277.0,['We all thought Trump was a publicly stunt.']
367.0,1593913624.0,['That seems nice and democratic']
368.0,1593914700.0,"[""Well now that's not true at all.""]"
369.0,1593913155.0,"[""It looks like there's only [6 states](https://ballotpedia.org/Deadline_to_run_for_president) for which the deadline has already passed.""]"
370.0,1593914242.0,"['WOW wait i did not know that.', 'So does that mean he is a traitor of all the black people.', 'Why are people still buying his songs THEN!!', '!']"
371.0,1593915011.0,"['he literally just sent goerge floyds daughter to college and marched out on the streets.', 'he appointed a black woman as the design director of his new clothing brand.', 'he talks about limiting black on black crime all the time.', 'stop trying to paint kanye as someone who doesnt care for black people']"
372.0,1593914668.0,"['>record low unemployment.', 'LMAO do you know how high unemployment is now?', 'Did you just come out of a time capsule?']"
373.0,1593914853.0,"['But other guys just suggested he does not stand for black lives.', 'so why would he do these great things as you said.', 'If he wanted to divide black people and allow white supremacists to win, why would in any circumstance Kanye will do these good deeds as you suggested.']"
374.0,1593913507.0,['Just spouting the worst fucking takes today.']
375.0,1593913612.0,"[""We've seen what not having a career politician in the oval office has been like."", 'I want some normalcy.']"
376.0,1593913710.0,"[""ah yes, career politicians shouldn't be president, which is why when i go in for surgery i insist the procedure be done by the janitor and the front desk receptionist\n\nfuck off""]"
377.0,1593913752.0,"['Quite a few people like Biden actually.', ""And we've seen during this pandemic why politics is a career -- Trump has been about as impotent a leader as one can be, and it is clear that his inexperience is preventing his administration from being at all effective.""]"
378.0,1593914253.0,"[""A publicity stunt isn't going to reunite anything.""]"
379.0,1593914298.0,['BABY YODA/BOB ROSS PAINTING 2024']
380.0,1593914267.0,['Like saying he is running for President.']
381.0,1593913801.0,['Or here me out... he‚Äôs dropping a new album soon and he wants it to get major attention.']
382.0,1593914194.0,"['I really don‚Äôt want to entertain the idea of Kanye running, but if he did run a write-in campaign, he only needs to take away votes in a few select states to dramatically shift the race to Trump.', 'A few points away from Biden can cost him the election.']"
383.0,1593914184.0,"['Yes but how much is cash or easily liquidated?', 'Ross Perot spent insane amounts of money in his bid for the presidency.', ""It's not easy to run a campaign."", 'You need people, offices a whole organization.', 'Kanye already shot himself in the foot by wearing a MAGA hat in that meeting with Trump.', 'If he is serious I would imagine we get blitzed with ads showing that photo over and over.', 'This is Kanye hyping his stupid album.']"
384.0,1593914314.0,"[""That's comical considering Joe didn't lead with his intent to pick a qualified VP."", 'Instead he opted to virtue signal and sate the base by stating that his VP would in fact be a minority., which seems to me it would be Joe Biden that needs to check himself based on your standard.']"
385.0,1593914016.0,"[""You think he's giving super eloquent and convincing stump speeches to the populations that actually vote?"", 'Black people overwhelmingly supported Biden in the primaries despite both of those things being beaten to death.', 'No reason to believe that will change.', ""Older black people are also the biggest bloc of support and those who actually vote; it's fairly obvious they won't be switching their vote from Biden.""]"
386.0,1593914041.0,"['What a hell of a mixed message that would be though.', 'Wanted segregation and endorsed a crime bill, but now running on a platform to reform the police and served directly under the first black US President.', 'There has to be something more damning than antiquated bills and stances if Kanye wants to do some damage.']"
387.0,1593914131.0,['Your answer made even less sense']
388.0,1593913299.0,"[""It's public knowledge that Kanye visited the White House to meet with Trump and their meeting was amicable."", ""That's not the only time they've met."", 'Not as simple as ""a white guy told him to do it"" like you\'re insinuating.', 'It would definitely support Trump to have Kanye enter the race, as unlikely as it would be.']"
389.0,1593914412.0,"['A poster above you linked to this article probably while you were typing.', 'Kinda looks like he still does\n\n\nhttps://www.businessinsider.com/kanye-west-signals-hell-vote-for-donald-trump-in-2020-2020-4']"
390.0,1593913629.0,"['My real feelings is he‚Äôs just fucking crazy.', 'Off his meds and crazy.', 'He won‚Äôt be on many if any states ballots, it‚Äôs so late in the game.', 'Side note: I‚Äôm done with Elon Musk too, he‚Äôs just as fucking crazy as Kanye.']"
391.0,1593914858.0,"['What?', 'What did you call me?']"
392.0,1593914962.0,"[""No, I wasn't saying you are for sure wrong."", 'They both are plausible explanations, and very few outside Yeezy and his team know his true motivation.']"
393.0,1593914578.0,"['No.', ""It's not."", 'We exist in incredibly large amounts.', 'Even for voting sake, but voting doesnt motivate people.', 'Picking the lesser of two evils isnt a true choice.', 'I refuse to vote for trump or biden.', 'You literally enable the system that sucks so much by voting for the less evil.', ""And that's just based off what we know."", 'Its fucking insane how the moment you remind people a bound choice of this or that is absolutely not a choice.', ""It's the same concept of giving a child two choices and damn well knowing both choices guarentee your will."", 'It\'s the political equivalent of ""yes or no"".', 'Sorry but I wont slave to the fucking system.', 'No matter how hard it fucks me.', '#kyane2020']"
394.0,1593914403.0,"[""Nobody with two brain cells to rub together is wasting their vote on a write-in candidate, which is what he'd be if he can even get enough signatures.""]"
395.0,1593914293.0,"['He won‚Äôt end up running after his album drops this tweet will be forgotten about.', 'Your going to end up disappointed when electing Joe fucking Biden doesn‚Äôt magically save the world.']"
396.0,1593913796.0,['Jelly monster']
397.0,1593913728.0,"['You are 18... big shocker.', 'When I was 18 I voted for Bush Jr. I‚Äôve since pulled my head out of my ass, I hope the same for you and your friends.']"
398.0,1593914746.0,"['So you are voting to keep trump in the WH then.', 'Kanye has 0% chance of winning, all he is doing is pulling votes from Biden to help trump\n\nYou voting as you want to is equal to a vote for trump\n\nThat makes you a trump supporter']"
399.0,1593913360.0,"['All of you are wrong.', 'Its part of the album rollout']"
400.0,1593912964.0,"[""Trump ran for a major party's nomination."", ""Don't be obtuse.""]"
401.0,1593913408.0,"[""Trump ran for a major party's nomination."", ""Don't be obtuse.""]"
402.0,1593913876.0,"['How is it undemocratic to have someone collect a petition of voter signatures to run for office?', 'Isn\'t that ""democratic"" by definition?']"
403.0,1593914835.0,['Say Kanye 2020 to prove you arent racist then']
404.0,1593913361.0,['And 37 states have their filing deadline in July or August.']
405.0,1593914415.0,"[""I don't know about traitor."", 'If a white man could do such harm to black people, he would be wrong to do it despite not being black.', 'So the word traitor does not apply.', 'He would be using his popularity to take away votes for a serious candidacy, of which there is only one in 2020.']"
406.0,1593914612.0,"['>Why are people still buying his songs THEN!!!', 'Because Kanye makes decent music but Kanye does not make a decent human.']"
407.0,1593915031.0,"[""It's just 18 year olds who won't be affected by another Trump term""]"
408.0,1593914553.0,['Nasopharyngeal Swab for Senate 2022']
409.0,1593914116.0,"[""I'm just looking at what possible impact he could have if was serious."", ""For the record, I don't think he is at all.""]"
410.0,1593914725.0,"['Trump won by 77,000 votes in 3 states.', 'Margins matter.', 'Even if he chops off 1-2% that can help him win the electoral college.', 'Also, if he runs a M4A & free college platform he can get progressives.', 'And yes black people do vote for black people.', 'I knew people that voted for Obama in 2008 because he was black.', 'I also knew people that voted for Hillary just because they wanted to see the 1st woman President.']"
411.0,1593914366.0,"['For a God of New York, you‚Äôre fucking sheltered if you can‚Äôt work out what it means.']"
412.0,1593914368.0,"[""The poster meant 'house n-word' and 'uncle t*m'\n\nI didn't say the words because i'm not sure if i'd get caught in a auto-ban filter.""]"
413.0,1593914418.0,"[""They're racial slurs""]"
414.0,1593914945.0,"[""maybe it's true."", ""maybe it's not."", ""I treat Kanye's mind as a case-to-case situation, because his mind can change a lot."", '&#x200B;\n\n [https://www.okayplayer.com/music/kanye-west-make-america-great-again-hat-glc-the-red-pill-podcast-with-van-lathan.html](https://www.okayplayer.com/music/kanye-west-make-america-great-again-hat-glc-the-red-pill-podcast-with-van-lathan.html)']"
415.0,1593913778.0,['He won‚Äôt even run once his album drops it will be forgotten that he tweeted this']
416.0,1593914398.0,"['lol imagine labeling every person as crazy for their differing views, especially when they;re ultra successful.', 'youre the crazy one bro']"
417.0,1593915028.0,['I don‚Äôt think he even knows his true motivations tbh']
418.0,1593914381.0,"['You know people said the exact same shit about Trump right?', 'Fuck joke candidates, the times are too serious for this.']"
419.0,1593914925.0,['Why is it always people in higher/upper class that write in throwaway candidates?']
420.0,1593914873.0,['Absolutely not.']
421.0,1593913835.0,['I hope you are right man.']
422.0,1593914527.0,"['You know Kanye isn‚Äôt going to be under any of the big two parties if he does run (which he isn‚Äôt) so it would be completely different to Trump.', 'Are the times that serious?', 'I for one can‚Äôt wait for Trump to lose just for nothing to change expect maybe the reddit news page isn‚Äôt filled with stuff about trump.']"
423.0,1593914017.0,['I will be']
